{"cameraMode":{"drawMode":0,"name":"Shaded","section":"Shading Mode"},"sceneLighting":true,"audioPlay":false,"sceneViewState":{"m_AlwaysRefresh":false,"showFog":true,"showSkybox":true,"showFlares":true,"showImageEffects":true,"showParticleSystems":true,"showVisualEffectGraphs":true,"m_FxEnabled":true},"in2DMode":false,"pivot":{"x":1.6306381225585938,"y":-1.6365723609924317,"z":0.18007278442382813},"rotation":{"x":-0.0014055740321055055,"y":-0.9984264373779297,"z":0.047614648938179019,"w":-0.029466085135936738},"size":18.519447326660158,"orthographic":false}